{"1": {"1": "\u5e38\u7eff\u9488\u53f6\u6797", "2": 0.000962, "3": -8, "4": 8.31, "5": 14.1, "6": 2, "7": 1.2, "8": 0.182, "9": 0.00604, "10": 0.00519, "11": 0.00397}, "2": {"1": "\u5e38\u7eff\u9614\u53f6\u6797", "2": 0.001268, "3": -8, "4": 9.09, "5": 25.9, "6": 2, "7": 1.1, "8": 0.162, "9": 0.00604, "10": 0.00519, "11": 0.00397}, "3": {"1": "\u843d\u53f6\u9488\u53f6\u6797", "2": 0.001086, "3": -8, "4": 10.44, "5": 15.5, "6": 2, "7": 1.7, "8": 0.165, "9": 0.00815, "10": 0.00519, "11": 0.00397}, "4": {"1": "\u843d\u53f6\u9614\u53f6\u6797", "2": 0.001165, "3": -6, "4": 9.94, "5": 21.8, "6": 2, "7": 1.1, "8": 0.203, "9": 0.00778, "10": 0.00519, "11": 0.00371}, "5": {"1": "\u8349\u5730", "2": 0.00086, "3": -8, "4": 12.02, "5": 37.5, "6": 2, "7": 2.6, "8": 0, "9": 0.0098, "10": 0.00819, "11": 0}, "6": {"1": "\u8015\u5730", "2": 0.001044, "3": -8, "4": 12.02, "5": 30.4, "6": 2, "7": 2, "8": 0, "9": 0.0098, "10": 0.00819, "11": 0}, "7": {"1": "\u704c\u6728", "2": 0.0010609999999999999, "3": -8, "4": 8.705, "5": 10.25, "6": 2, "7": 1.15, "8": 0.0595, "9": 0.00694, "10": 0.00519, "11": 0.0032700000000000003}, "11": {"1": "\u6df7\u4ea4\u6797", "2": 0.001051, "3": -7, "4": 9.5, "5": 21.5, "6": 2, "7": 1.1, "8": 0.203, "9": 0.00778, "10": 0.00519, "11": 0.00371}}